<?xml version="1.0"?>
<doc>
    <assembly>
        <name>Ida.Skills.Functions</name>
    </assembly>
    <members>
        <member name="T:Ida.Skills.Functions.AddImagesToStoreFunction">
            <summary>
            Add Images to store function
            </summary>
        </member>
        <member name="M:Ida.Skills.Functions.AddImagesToStoreFunction.#ctor(Ida.Skills.Services.IAddImagesToStore,Ida.Skills.Core.Http.IImportBatchErrorHttpService)">
            <summary>
            Initializes a new instance of the <see cref="T:Ida.Skills.Functions.AddImagesToStoreFunction" /> class.
            </summary>
            <param name="addImagesToStore">The add images to store.</param>
            <param name="importBatchErrorHttpService">The import batch error HTTP service.</param>
        </member>
        <member name="M:Ida.Skills.Functions.AddImagesToStoreFunction.Run(Microsoft.AspNetCore.Http.HttpRequest,Microsoft.Extensions.Logging.ILogger)">
            <summary>
            Runs the specified REQ.
            </summary>
            <param name="req">The REQ.</param>
            <param name="log">The log.</param>
            <returns>Skills API Call Result</returns>
        </member>
        <member name="T:Ida.Skills.Functions.CallAiModelClassificationFunction">
            <summary>
            This is the function for Calling Custom Vision API
            </summary>
        </member>
        <member name="M:Ida.Skills.Functions.CallAiModelClassificationFunction.#ctor(Ida.Skills.Services.ICallAiModelClassification,Ida.Skills.Core.Http.IImportBatchErrorHttpService)">
            <summary>
            Initializes a new instance of the <see cref="T:Ida.Skills.Functions.CallAiModelClassificationFunction" /> class.
            </summary>
            <param name="callCustomVisionApi">The call custom vision API.</param>
            <param name="importBatchErrorHttpService">The import batch error HTTP service.</param>
        </member>
        <member name="M:Ida.Skills.Functions.CallAiModelClassificationFunction.Run(Microsoft.AspNetCore.Http.HttpRequest,Microsoft.Extensions.Logging.ILogger)">
            <summary>
            Runs the specified REQ.
            </summary>
            <param name="req">The REQ.</param>
            <param name="log">The log.</param>
            <returns>Skills API Result</returns>
        </member>
        <member name="T:Ida.Skills.Functions.CallAiModelObjectDetectionFunction">
            <summary>
            This is the base function to process other text fields onto the index.
            </summary>
        </member>
        <member name="M:Ida.Skills.Functions.CallAiModelObjectDetectionFunction.#ctor(Ida.Skills.Core.Http.IImportBatchErrorHttpService,Ida.Skills.Services.ICallAiModelObjectDetection)">
            <summary>
            Initializes a new instance of the <see cref="!:ProcessTextFieldsFunction" /> class.
            </summary>
            <param name="importBatchErrorHttpService">The import batch error HTTP service.</param>
            <param name="processTextFields">The process text fields.</param>
        </member>
        <member name="M:Ida.Skills.Functions.CallAiModelObjectDetectionFunction.Run(Microsoft.AspNetCore.Http.HttpRequest,Microsoft.Extensions.Logging.ILogger)">
            <summary>
            Runs the specified request.
            </summary>
            <param name="req">The request.</param>
            <param name="log">The log.</param>
            <returns>The skill set pipeline result</returns>
        </member>
        <member name="T:Ida.Skills.Functions.CustomAtlanticFunction">
            <summary>
            This is the function to process the OCR Text
            </summary>
        </member>
        <member name="M:Ida.Skills.Functions.CustomAtlanticFunction.Run(Microsoft.AspNetCore.Http.HttpRequest,Microsoft.Extensions.Logging.ILogger)">
            <summary>
            Runs the specified OCR request.
            </summary>
            <param name="req">The request.</param>
            <param name="log">The logger.</param>
            <returns>The result for the skill set pipeline</returns>
        </member>
        <member name="T:Ida.Skills.Functions.GenerateThumbnailsFunction">
            <summary>
            This is the function for Generating Thumbnails for the web to use
            </summary>
        </member>
        <member name="M:Ida.Skills.Functions.GenerateThumbnailsFunction.#ctor(Ida.Skills.Services.IGenerateThumbnails,Ida.Skills.Core.Http.IImportBatchErrorHttpService)">
            <summary>
            Initializes a new instance of the <see cref="T:Ida.Skills.Functions.GenerateThumbnailsFunction" /> class.
            </summary>
            <param name="generateThumbnails">The generate thumbnails.</param>
            <param name="importBatchErrorHttpService">The import batch error HTTP service.</param>
        </member>
        <member name="M:Ida.Skills.Functions.GenerateThumbnailsFunction.Run(Microsoft.AspNetCore.Http.HttpRequest,Microsoft.Extensions.Logging.ILogger)">
            <summary>
            Runs the specified REQ.
            </summary>
            <param name="req">The REQ.</param>
            <param name="log">The log.</param>
            <returns>Skills API Result</returns>
        </member>
        <member name="T:Ida.Skills.Functions.ParseCustomIndexFunction">
            <summary>
            The Parse Custom Index Function
            </summary>
        </member>
        <member name="M:Ida.Skills.Functions.ParseCustomIndexFunction.#ctor(Ida.Skills.Services.IParseCustomIndex,Ida.Skills.Core.Http.IImportBatchErrorHttpService)">
            <summary>
            Initializes a new instance of the <see cref="T:Ida.Skills.Functions.ParseCustomIndexFunction" /> class.
            </summary>
            <param name="parseCustomIndex">Index of the parse custom.</param>
            <param name="importBatchErrorHttpService">The import batch error HTTP service.</param>
        </member>
        <member name="M:Ida.Skills.Functions.ParseCustomIndexFunction.Run(Microsoft.AspNetCore.Http.HttpRequest,Microsoft.Extensions.Logging.ILogger)">
            <summary>
            Runs the specified REQ.
            </summary>
            <param name="req">The REQ.</param>
            <param name="log">The log.</param>
            <returns>Skill Web API Result</returns>
        </member>
        <member name="T:Ida.Skills.Functions.ProcessBaseFieldsFunction">
            <summary>
            This is the function used for processing base fields for skill set pipeline
            </summary>
        </member>
        <member name="M:Ida.Skills.Functions.ProcessBaseFieldsFunction.#ctor(Ida.Skills.Core.Http.IImportBatchErrorHttpService,Ida.Skills.Services.IProcessBaseFields)">
            <summary>
            Initializes a new instance of the <see cref="T:Ida.Skills.Functions.ProcessBaseFieldsFunction"/> class.
            </summary>
            <param name="importBatchErrorHttpService">The import batch error HTTP service.</param>
            <param name="processBaseFields">The process base fields.</param>
        </member>
        <member name="M:Ida.Skills.Functions.ProcessBaseFieldsFunction.Run(Microsoft.AspNetCore.Http.HttpRequest,Microsoft.Extensions.Logging.ILogger)">
            <summary>
            Runs the specified request.
            </summary>
            <param name="req">The request.</param>
            <param name="log">The log.</param>
            <returns>The skill set pipeline result</returns>
        </member>
        <member name="T:Ida.Skills.Functions.ProcessBaseVideoFieldsFunction">
            <summary>
            This is the function to process base video index fields.
            </summary>
        </member>
        <member name="M:Ida.Skills.Functions.ProcessBaseVideoFieldsFunction.#ctor(Ida.Skills.Core.Http.IImportBatchErrorHttpService,Ida.Skills.Services.IProcessBaseVideoFields)">
            <summary>
            Initializes a new instance of the <see cref="T:Ida.Skills.Functions.ProcessBaseVideoFieldsFunction"/> class.
            </summary>
            <param name="importBatchErrorHttpService">The import batch error HTTP service.</param>
            <param name="processBaseVideoFields">The process base video fields.</param>
        </member>
        <member name="M:Ida.Skills.Functions.ProcessBaseVideoFieldsFunction.Run(Microsoft.AspNetCore.Http.HttpRequest,Microsoft.Extensions.Logging.ILogger)">
            <summary>
            Runs the specified request.
            </summary>
            <param name="req">The request.</param>
            <param name="log">The log.</param>
            <returns>The skill set pipeline result</returns>
        </member>
        <member name="T:Ida.Skills.Functions.ProcessEntitiesFunction">
            <summary>
            The function used to process COG services results
            </summary>
        </member>
        <member name="M:Ida.Skills.Functions.ProcessEntitiesFunction.#ctor(Ida.Skills.Services.IProcessEntities,Ida.Skills.Core.Http.IImportBatchErrorHttpService)">
            <summary>
            Initializes a new instance of the <see cref="T:Ida.Skills.Functions.ProcessEntitiesFunction"/> class.
            </summary>
            <param name="processEntities">The process entities.</param>
            <param name="importBatchErrorHttpService">The import batch error HTTP service.</param>
        </member>
        <member name="M:Ida.Skills.Functions.ProcessEntitiesFunction.Run(Microsoft.AspNetCore.Http.HttpRequest,Microsoft.Extensions.Logging.ILogger)">
            <summary>
            Runs the specified req.
            </summary>
            <param name="req">The req.</param>
            <param name="log">The log.</param>
            <returns>Returns Skill Set Result</returns>
        </member>
        <member name="T:Ida.Skills.Functions.ProcessOcrTextFunction">
            <summary>
            This is the function to process the OCR Text
            </summary>
        </member>
        <member name="M:Ida.Skills.Functions.ProcessOcrTextFunction.#ctor(Ida.Skills.Services.IProcessOcrTextService,Ida.Skills.Core.Http.IImportBatchErrorHttpService)">
            <summary>
            Initializes a new instance of the <see cref="T:Ida.Skills.Functions.ProcessOcrTextFunction"/> class.
            </summary>
            <param name="processOcrTextService">The process ocr text service.</param>
            <param name="importBatchErrorHttpService">The import batch error HTTP service.</param>
        </member>
        <member name="M:Ida.Skills.Functions.ProcessOcrTextFunction.Run(Microsoft.AspNetCore.Http.HttpRequest,Microsoft.Extensions.Logging.ILogger)">
            <summary>
            Runs the specified OCR request.
            </summary>
            <param name="req">The request.</param>
            <param name="log">The logger.</param>
            <returns>The result for the skill set pipeline</returns>
        </member>
    </members>
</doc>
