<?xml version="1.0"?>
<doc>
    <assembly>
        <name>Ida.Core.Functions</name>
    </assembly>
    <members>
        <member name="T:Ida.Core.Functions.CopyImport.CopyImportFunction">
            <summary>
            The is the azure function used to copy data from other URIs
            </summary>
        </member>
        <member name="M:Ida.Core.Functions.CopyImport.CopyImportFunction.#ctor(Ida.Core.Functions.Services.Http.IImportBatchErrorHttpService,Ida.Core.Functions.Services.ICopyImportService,Ida.Core.Functions.Services.Http.IDataSetHttpService,Microsoft.Extensions.Configuration.IConfiguration)">
            <summary>
            Initializes a new instance of the <see cref="T:Ida.Core.Functions.CopyImport.CopyImportFunction"/> class.
            </summary>
            <param name="importBatchErrorHttpService">The import batch error HTTP service.</param>
            <param name="copyImportService">The copy import service.</param>
            <param name="dataSetHttpService">The data set HTTP service.</param>
            <param name="config">The configuration.</param>
        </member>
        <member name="M:Ida.Core.Functions.CopyImport.CopyImportFunction.Start(Microsoft.Azure.EventGrid.Models.EventGridEvent,Microsoft.Azure.WebJobs.DurableOrchestrationClient,Microsoft.Extensions.Logging.ILogger)">
            <summary>
            Starts the specified event grid event.
            </summary>
            <param name="eventGridEvent">The event grid event.</param>
            <param name="starter">The starter.</param>
            <param name="log">The log.</param>
            <returns>The Task</returns>
            <exception cref="T:System.Exception">StartCopyImport is already running for BatchId: {importBatchId}</exception>
        </member>
        <member name="M:Ida.Core.Functions.CopyImport.CopyImportFunction.RunOrchestrator(Microsoft.Azure.WebJobs.DurableOrchestrationContext,Microsoft.Extensions.Logging.ILogger)">
            <summary>
            Runs the orchestrator.
            </summary>
            <param name="context">The context.</param>
            <param name="log">The log.</param>
            <returns>The Task</returns>
        </member>
        <member name="M:Ida.Core.Functions.CopyImport.CopyImportFunction.CopyFileFromSourceUriAsync(Ida.Core.Functions.CopyImport.Models.CopyImportInputModel,Microsoft.Extensions.Logging.ILogger)">
            <summary>
            Copies the file from source URI asynchronous.
            </summary>
            <param name="inputModel">The input model.</param>
            <param name="log">The log.</param>
            <returns>The Task</returns>
            <exception cref="T:System.Exception">The Import Batch is missing the setting URI which is needed to copy the file. ImportBatchId {inputModel.ImportBatch.ImportBatchId}</exception>
        </member>
        <member name="M:Ida.Core.Functions.CopyImport.CopyImportFunction.ExtractFilesAsync(Ida.Core.Functions.CopyImport.Models.CopyImportInputModel,Microsoft.Extensions.Logging.ILogger)">
            <summary>
            Extracts the files asynchronous.
            </summary>
            <param name="inputModel">The input model.</param>
            <param name="log">The log.</param>
            <returns>The task</returns>
        </member>
        <member name="T:Ida.Core.Functions.CopyImport.Models.CopyImportInputModel">
            <summary>
            This is the input model for the copy import function
            </summary>
        </member>
        <member name="P:Ida.Core.Functions.CopyImport.Models.CopyImportInputModel.Dataset">
            <summary>
            Gets or sets the dataset.
            </summary>
            <value>
            The dataset.
            </value>
        </member>
        <member name="P:Ida.Core.Functions.CopyImport.Models.CopyImportInputModel.ImportBatch">
            <summary>
            Gets or sets the import batch.
            </summary>
            <value>
            The import batch.
            </value>
        </member>
        <member name="P:Ida.Core.Functions.CopyImport.Models.CopyImportInputModel.NewFileName">
            <summary>
            Gets or sets creates new filename.
            </summary>
            <value>
            The new name of the file.
            </value>
        </member>
        <member name="P:Ida.Core.Functions.CopyImport.Models.CopyImportInputModel.ConnectionString">
            <summary>
            Gets or sets the connection string.
            </summary>
            <value>
            The connection string.
            </value>
        </member>
        <member name="M:Ida.Core.Functions.Delete.DeleteFunction.ListenerAsync(Microsoft.Azure.EventGrid.Models.EventGridEvent,Microsoft.Azure.WebJobs.DurableOrchestrationClient,Microsoft.Extensions.Logging.ILogger)">
            <summary>
            Listeners the asynchronous.
            </summary>
            <param name="eventGridEvent">The event grid event.</param>
            <param name="client">The client.</param>
            <param name="log">The log.</param>
            <returns>The Task</returns>
        </member>
        <member name="M:Ida.Core.Functions.Delete.DeleteFunction.DataSetFinalDeleteAsync(System.String,Microsoft.Extensions.Logging.ILogger)">
            <summary>
            Datas the set final delete asynchronous.
            </summary>
            <param name="datasetId">The dataset identifier.</param>
            <param name="log">The log.</param>
            <returns>
            The Task
            </returns>
        </member>
        <member name="T:Ida.Core.Functions.Delete.ImportBatchDeleteBlobFunction">
            <summary>
            This is the function used to remove import batchs from the blobs
            </summary>
        </member>
        <member name="M:Ida.Core.Functions.Delete.ImportBatchDeleteBlobFunction.#ctor(Ida.Core.Functions.Services.IBlobFileService,Ida.Core.Functions.Services.Http.IDataSetHttpService,Ida.Core.Functions.Services.Http.IImportBatchErrorHttpService,Microsoft.Extensions.Configuration.IConfiguration)">
            <summary>
            Initializes a new instance of the <see cref="T:Ida.Core.Functions.Delete.ImportBatchDeleteBlobFunction"/> class.
            </summary>
            <param name="blobFileService">The BLOB file service.</param>
            <param name="dataSetHttpService">The data set HTTP service.</param>
            <param name="importBatchErrorHttpService">The import batch error HTTP service.</param>
            <param name="config">The configuration.</param>
        </member>
        <member name="M:Ida.Core.Functions.Delete.ImportBatchDeleteBlobFunction.Start(Microsoft.Azure.EventGrid.Models.EventGridEvent,Microsoft.Azure.WebJobs.DurableOrchestrationClient,Microsoft.Extensions.Logging.ILogger)">
            <summary>
            Starts the specified event grid event.
            </summary>
            <param name="eventGridEvent">The event grid event.</param>
            <param name="starter">The starter.</param>
            <param name="log">The log.</param>
            <returns>The Task</returns>
            <exception cref="T:System.Exception">Delete has already run for ImportBatchId: {importBatchId}</exception>
        </member>
        <member name="M:Ida.Core.Functions.Delete.ImportBatchDeleteBlobFunction.RunOrchestrator(Microsoft.Azure.WebJobs.DurableOrchestrationContext,Microsoft.Extensions.Logging.ILogger)">
            <summary>
            Runs the orchestrator.
            </summary>
            <param name="context">The context.</param>
            <param name="log">The log.</param>
            <returns>The Task</returns>
        </member>
        <member name="M:Ida.Core.Functions.Delete.ImportBatchDeleteBlobFunction.FinlizeBlobDeleteAsync(Ida.Core.Functions.Delete.Model.ImportBatchDeleteInputModel,Microsoft.Extensions.Logging.ILogger)">
            <summary>
            Finlizes the BLOB delete asynchronous.
            </summary>
            <param name="inputModel">The input model.</param>
            <param name="log">The log.</param>
            <returns>The task</returns>
        </member>
        <member name="M:Ida.Core.Functions.Delete.ImportBatchDeleteBlobFunction.BlobFileServiceGetFileListAsync(Ida.Core.Functions.Delete.Model.ImportBatchDeleteInputModel,Microsoft.Extensions.Logging.ILogger)">
            <summary>
            BLOBs the file service get file list asynchronous.
            </summary>
            <param name="inputModel">The input model.</param>
            <param name="log">The log.</param>
            <returns>List of files</returns>
        </member>
        <member name="M:Ida.Core.Functions.Delete.ImportBatchDeleteBlobFunction.DeleteAsync(Ida.Core.Functions.Delete.Model.DeleteInputModel,Microsoft.Extensions.Logging.ILogger)">
            <summary>
            Deletes the blob asynchronously.
            </summary>
            <param name="inputModel">The input model.</param>
            <param name="log">The log.</param>
            <returns>The Task</returns>
        </member>
        <member name="T:Ida.Core.Functions.Delete.ImportBatchDeleteIndexFunction">
            <summary>
            This function is used to remove deleted documents from the search index
            </summary>
        </member>
        <member name="M:Ida.Core.Functions.Delete.ImportBatchDeleteIndexFunction.#ctor(Ida.Core.Functions.Services.IBlobFileService,Ida.Core.Functions.Services.Http.IDataSetHttpService,Ida.Core.Functions.Services.Http.IImportBatchErrorHttpService,Microsoft.Extensions.Configuration.IConfiguration)">
            <summary>
            Initializes a new instance of the <see cref="T:Ida.Core.Functions.Delete.ImportBatchDeleteIndexFunction"/> class.
            </summary>
            <param name="blobFileService">The BLOB file service.</param>
            <param name="dataSetHttpService">The data set HTTP service.</param>
            <param name="importBatchErrorHttpService">The import batch error HTTP service.</param>
            <param name="config">The configuration.</param>
        </member>
        <member name="M:Ida.Core.Functions.Delete.ImportBatchDeleteIndexFunction.Start(Microsoft.Azure.EventGrid.Models.EventGridEvent,Microsoft.Azure.WebJobs.DurableOrchestrationClient,Microsoft.Extensions.Logging.ILogger)">
            <summary>
            Starts the specified event grid event.
            </summary>
            <param name="eventGridEvent">The event grid event.</param>
            <param name="starter">The starter.</param>
            <param name="log">The log.</param>
            <returns>The Task</returns>
            <exception cref="T:System.Exception">Delete is already running for ImportBatchId: {importBatchId}</exception>
        </member>
        <member name="M:Ida.Core.Functions.Delete.ImportBatchDeleteIndexFunction.RunOrchestrator(Microsoft.Azure.WebJobs.DurableOrchestrationContext,Microsoft.Extensions.Logging.ILogger)">
            <summary>
            Runs the orchestrator.
            </summary>
            <param name="context">The context.</param>
            <param name="log">The log.</param>
            <returns>The Task</returns>
        </member>
        <member name="M:Ida.Core.Functions.Delete.ImportBatchDeleteIndexFunction.MarkFilesForDeleteAsync(Ida.Core.Functions.Delete.Model.ImportBatchDeleteInputModel,Microsoft.Extensions.Logging.ILogger)">
            <summary>
            Marks the files for delete asynchronous.
            </summary>
            <param name="inputModel">The input model.</param>
            <param name="log">The log.</param>
            <returns>The Task</returns>
        </member>
        <member name="M:Ida.Core.Functions.Delete.ImportBatchDeleteIndexFunction.ImportBatchesReindexAsync(Ida.Core.Functions.Delete.Model.ImportBatchDeleteInputModel,Microsoft.Extensions.Logging.ILogger)">
            <summary>
            Imports the batches reindex asynchronous.
            </summary>
            <param name="inputModel">The input model.</param>
            <param name="log">The log.</param>
            <returns>The Task</returns>
        </member>
        <member name="T:Ida.Core.Functions.Delete.ImportBatchRemoveFunction">
            <summary>
            This is used to do the final delete of an import batch
            </summary>
        </member>
        <member name="M:Ida.Core.Functions.Delete.ImportBatchRemoveFunction.#ctor(Ida.Core.Functions.Services.Http.IDataSetHttpService,Ida.Core.Functions.Services.Http.IImportBatchErrorHttpService)">
            <summary>
            Initializes a new instance of the <see cref="T:Ida.Core.Functions.Delete.ImportBatchRemoveFunction"/> class.
            </summary>
            <param name="dataSetHttpService">The data set HTTP service.</param>
            <param name="importBatchErrorHttpService">The import batch error HTTP service.</param>
        </member>
        <member name="M:Ida.Core.Functions.Delete.ImportBatchRemoveFunction.Start(Microsoft.Azure.EventGrid.Models.EventGridEvent,Microsoft.Azure.WebJobs.DurableOrchestrationClient,Microsoft.Extensions.Logging.ILogger)">
            <summary>
            Starts the specified event grid event.
            </summary>
            <param name="eventGridEvent">The event grid event.</param>
            <param name="starter">The starter.</param>
            <param name="log">The log.</param>
            <returns>The Task</returns>
            <exception cref="T:System.Exception">Delete has already run for ImportBatchId: {importBatchId}</exception>
        </member>
        <member name="T:Ida.Core.Functions.Delete.Model.DataSetCallImportBatchDeleteInputModel">
            <summary>
            This is the input model used for DataSet Call Import Batch Delete
            </summary>
        </member>
        <member name="P:Ida.Core.Functions.Delete.Model.DataSetCallImportBatchDeleteInputModel.ImportBatch">
            <summary>
            Gets or sets the import batch.
            </summary>
            <value>
            The import batch.
            </value>
        </member>
        <member name="T:Ida.Core.Functions.Delete.Model.DataSetDeleteInputModel">
            <summary>
            The input model for dataset delete
            </summary>
        </member>
        <member name="P:Ida.Core.Functions.Delete.Model.DataSetDeleteInputModel.ImportBatchModels">
            <summary>
            Gets or sets the import batch models.
            </summary>
            <value>
            The import batch models.
            </value>
        </member>
        <member name="P:Ida.Core.Functions.Delete.Model.DataSetDeleteInputModel.DatasetId">
            <summary>
            Gets or sets the dataset identifier.
            </summary>
            <value>
            The dataset identifier.
            </value>
        </member>
        <member name="T:Ida.Core.Functions.Delete.Model.DeleteInputModel">
            <summary>
            The input model for delete
            </summary>
        </member>
        <member name="P:Ida.Core.Functions.Delete.Model.DeleteInputModel.FileNameUri">
            <summary>
            Gets or sets the data set identifier.
            </summary>
            <value>
            The data set identifier.
            </value>
        </member>
        <member name="P:Ida.Core.Functions.Delete.Model.DeleteInputModel.StorageConnectionString">
            <summary>
            Gets or sets the storage connection string.
            </summary>
            <value>
            The storage connection string.
            </value>
        </member>
        <member name="T:Ida.Core.Functions.Delete.Model.ImportBatchDeleteInputModel">
            <summary>
            The Input Model for import batch delete
            </summary>
        </member>
        <member name="P:Ida.Core.Functions.Delete.Model.ImportBatchDeleteInputModel.ImportBatchId">
            <summary>
            Gets or sets the import batch identifier.
            </summary>
            <value>
            The import batch identifier.
            </value>
        </member>
        <member name="P:Ida.Core.Functions.Delete.Model.ImportBatchDeleteInputModel.DataSetId">
            <summary>
            Gets or sets the data set identifier.
            </summary>
            <value>
            The data set identifier.
            </value>
        </member>
        <member name="P:Ida.Core.Functions.Delete.Model.ImportBatchDeleteInputModel.StoargeAccountConnectionString">
            <summary>
            Gets or sets the stoarge account connection string.
            </summary>
            <value>
            The stoarge account connection string.
            </value>
        </member>
        <member name="P:Ida.Core.Functions.Delete.Model.ImportBatchDeleteInputModel.StoageContainer">
            <summary>
            Gets or sets the stoage container.
            </summary>
            <value>
            The stoage container.
            </value>
        </member>
        <member name="T:Ida.Core.Functions.Error.ErrorFunction">
            <summary>
            This is the function used to log errors from activy calls 
            </summary>
        </member>
        <member name="M:Ida.Core.Functions.Error.ErrorFunction.#ctor(Ida.Core.Functions.Services.Http.IImportBatchErrorHttpService)">
            <summary>
            Initializes a new instance of the <see cref="T:Ida.Core.Functions.Error.ErrorFunction"/> class.
            </summary>
            <param name="importBatchErrorHttpService">The import batch error HTTP service.</param>
        </member>
        <member name="M:Ida.Core.Functions.Error.ErrorFunction.ErrorLoggerAsync(Ida.Core.Functions.Error.Models.ErrorLoggerInputModel)">
            <summary>
            Errors the logger asynchronous.
            </summary>
            <param name="inputModel">The input model.</param>
            <returns>The Task</returns>
        </member>
        <member name="T:Ida.Core.Functions.Error.Models.ErrorLoggerInputModel">
            <summary>
            This is the input model for the error logger function
            </summary>
        </member>
        <member name="M:Ida.Core.Functions.Error.Models.ErrorLoggerInputModel.#ctor(System.String,System.String,System.String)">
            <summary>
            Initializes a new instance of the <see cref="T:Ida.Core.Functions.Error.Models.ErrorLoggerInputModel"/> class.
            </summary>
            <param name="dataSetId">The data set identifier.</param>
            <param name="importBatchId">The import batch identifier.</param>
            <param name="message">The message.</param>
        </member>
        <member name="P:Ida.Core.Functions.Error.Models.ErrorLoggerInputModel.DatasetId">
            <summary>
            Gets or sets the dataset identifier.
            </summary>
            <value>
            The dataset identifier.
            </value>
        </member>
        <member name="P:Ida.Core.Functions.Error.Models.ErrorLoggerInputModel.ImportBatchId">
            <summary>
            Gets or sets the import batch identifier.
            </summary>
            <value>
            The import batch identifier.
            </value>
        </member>
        <member name="P:Ida.Core.Functions.Error.Models.ErrorLoggerInputModel.Message">
            <summary>
            Gets or sets the message.
            </summary>
            <value>
            The message.
            </value>
        </member>
        <member name="T:Ida.Core.Functions.Error.VersionFunction">
            <summary>
            These function are used to return the version.
            </summary>
        </member>
        <member name="M:Ida.Core.Functions.Error.VersionFunction.GetVersion(Microsoft.AspNetCore.Http.HttpRequest,Microsoft.Extensions.Logging.ILogger)">
            <summary>
            Gets the version.
            </summary>
            <param name="req">The REQ.</param>
            <param name="log">The log.</param>
            <returns>The Core function version.</returns>
        </member>
        <member name="T:Ida.Core.Functions.Index.IndexFunction">
            <summary>
            This is the function used to start indexing and check status and fire command when it is done.
            </summary>
        </member>
        <member name="M:Ida.Core.Functions.Index.IndexFunction.#ctor(Microsoft.Azure.Search.ISearchServiceClient,Ida.Core.Functions.Services.Http.IImportBatchErrorHttpService,Ida.Core.Functions.Services.Http.IDataSetHttpService,Microsoft.Extensions.Configuration.IConfiguration,Ida.Core.Services.Azure.Storage.IStorageQueueFactory)">
            <summary>
            Initializes a new instance of the <see cref="T:Ida.Core.Functions.Index.IndexFunction" /> class.
            </summary>
            <param name="searchService">The search service.</param>
            <param name="importBatchErrorHttpService">The import batch error HTTP service.</param>
            <param name="dataSetHttpService">The data set HTTP service.</param>
            <param name="config">The function configurations.</param>
            <param name="storageQueueFactory">The storage queue factory.</param>
        </member>
        <member name="M:Ida.Core.Functions.Index.IndexFunction.Start(Microsoft.Azure.EventGrid.Models.EventGridEvent,Microsoft.Azure.WebJobs.DurableOrchestrationClient,Microsoft.Extensions.Logging.ILogger)">
            <summary>
            Starts the specified event grid event.
            </summary>
            <param name="eventGridEvent">The event grid event.</param>
            <param name="starter">The starter.</param>
            <param name="log">The log.</param>
            <returns>The Task</returns>
            <exception cref="T:System.Exception">StartIndex is already running for BatchId: {importBatchId}</exception>
        </member>
        <member name="M:Ida.Core.Functions.Index.IndexFunction.Run(System.String,Microsoft.Extensions.Logging.ILogger)">
            <summary>
            Runs the specified queue item.
            </summary>
            <param name="queueItem">The queue item.</param>
            <param name="log">The log.</param>
            <exception cref="T:System.Exception">
            The indexer has failed. Your documents were not indexed please review index failure and try again.
            or
            The indexer has failed. Your documents were not indexed please review index failure and try again.
            or
            The indexer has failed. Your documents were not indexed please review index failure and try again.
            </exception>
        </member>
        <member name="T:Ida.Core.Functions.Index.Models.InputModel">
            <summary>The Input Model</summary>
        </member>
        <member name="M:Ida.Core.Functions.Index.Models.InputModel.#ctor(System.Guid,System.Guid,System.String,System.String)">
            <summary>
            Initializes a new instance of the <see cref="T:Ida.Core.Functions.Index.Models.InputModel"/> class.
            </summary>
            <param name="dataSetId">The data set identifier.</param>
            <param name="importBatchId">The import batch identifier.</param>
            <param name="indexerName">Name of the indexer.</param>
        </member>
        <member name="P:Ida.Core.Functions.Index.Models.InputModel.DataSetId">
            <summary>
            Gets or sets the data set identifier.
            </summary>
            <value>
            The data set identifier.
            </value>
        </member>
        <member name="P:Ida.Core.Functions.Index.Models.InputModel.ImportBatchId">
            <summary>
            Gets or sets the import batch identifier.
            </summary>
            <value>
            The import batch identifier.
            </value>
        </member>
        <member name="P:Ida.Core.Functions.Index.Models.InputModel.IndexerName">
            <summary>
            Gets or sets the name of the indexer.
            </summary>
            <value>
            The name of the indexer.
            </value>
        </member>
        <member name="P:Ida.Core.Functions.Index.Models.InputModel.EventType">
            <summary>
            Gets or sets the type of the event.
            </summary>
            <value>
            The type of the event.
            </value>
        </member>
        <member name="T:Ida.Core.Functions.PreProcess.Models.CreateImagePdfInputModel">
            <summary>
            This is the input model for create image PDF function call
            </summary>
        </member>
        <member name="P:Ida.Core.Functions.PreProcess.Models.CreateImagePdfInputModel.FilePath">
            <summary>
            Gets or sets the file path.
            </summary>
            <value>
            The file path.
            </value>
        </member>
        <member name="P:Ida.Core.Functions.PreProcess.Models.CreateImagePdfInputModel.BlobStorageContainerName">
            <summary>
            Gets or sets the name of the BLOB storage container.
            </summary>
            <value>
            The name of the BLOB storage container.
            </value>
        </member>
        <member name="P:Ida.Core.Functions.PreProcess.Models.CreateImagePdfInputModel.ConnectionString">
            <summary>
            Gets or sets the connection string.
            </summary>
            <value>
            The connection string.
            </value>
        </member>
        <member name="P:Ida.Core.Functions.PreProcess.Models.CreateImagePdfInputModel.Tags">
            <summary>
            Gets or sets the tags.
            </summary>
            <value>
            The tags.
            </value>
        </member>
        <member name="P:Ida.Core.Functions.PreProcess.Models.CreateImagePdfInputModel.DatasetName">
            <summary>
            Gets or sets the name of the dataset.
            </summary>
            <value>
            The name of the dataset.
            </value>
        </member>
        <member name="T:Ida.Core.Functions.PreProcess.Models.CreateIndexFileInputModel">
            <summary>
            This is the input model for the Create Index File
            </summary>
        </member>
        <member name="P:Ida.Core.Functions.PreProcess.Models.CreateIndexFileInputModel.FileName">
            <summary>
            Gets or sets the name of the file.
            </summary>
            <value>
            The name of the file.
            </value>
        </member>
        <member name="P:Ida.Core.Functions.PreProcess.Models.CreateIndexFileInputModel.ContainerName">
            <summary>
            Gets or sets the name of the container.
            </summary>
            <value>
            The name of the container.
            </value>
        </member>
        <member name="P:Ida.Core.Functions.PreProcess.Models.CreateIndexFileInputModel.ConnectionString">
            <summary>
            Gets or sets the connection string.
            </summary>
            <value>
            The connection string.
            </value>
        </member>
        <member name="P:Ida.Core.Functions.PreProcess.Models.CreateIndexFileInputModel.Tags">
            <summary>
            Gets or sets the tags.
            </summary>
            <value>
            The tags.
            </value>
        </member>
        <member name="P:Ida.Core.Functions.PreProcess.Models.CreateIndexFileInputModel.DatasetName">
            <summary>
            Gets or sets the name of the dataset.
            </summary>
            <value>
            The name of the dataset.
            </value>
        </member>
        <member name="P:Ida.Core.Functions.PreProcess.Models.CreateIndexFileInputModel.DataSetId">
            <summary>
            Gets or sets the data set identifier.
            </summary>
            <value>
            The data set identifier.
            </value>
        </member>
        <member name="P:Ida.Core.Functions.PreProcess.Models.CreateIndexFileInputModel.ImportBatchId">
            <summary>
            Gets or sets the import batch identifier.
            </summary>
            <value>
            The import batch identifier.
            </value>
        </member>
        <member name="T:Ida.Core.Functions.PreProcess.Models.CreateTxtPdfInputModel">
            <summary>
            This is the input model for create image PDF function call
            </summary>
        </member>
        <member name="P:Ida.Core.Functions.PreProcess.Models.CreateTxtPdfInputModel.FilePath">
            <summary>
            Gets or sets the file path.
            </summary>
            <value>
            The file path.
            </value>
        </member>
        <member name="P:Ida.Core.Functions.PreProcess.Models.CreateTxtPdfInputModel.BlobStorageContainerName">
            <summary>
            Gets or sets the name of the BLOB storage container.
            </summary>
            <value>
            The name of the BLOB storage container.
            </value>
        </member>
        <member name="P:Ida.Core.Functions.PreProcess.Models.CreateTxtPdfInputModel.ConnectionString">
            <summary>
            Gets or sets the connection string.
            </summary>
            <value>
            The connection string.
            </value>
        </member>
        <member name="P:Ida.Core.Functions.PreProcess.Models.CreateTxtPdfInputModel.Tags">
            <summary>
            Gets or sets the tags.
            </summary>
            <value>
            The tags.
            </value>
        </member>
        <member name="P:Ida.Core.Functions.PreProcess.Models.CreateTxtPdfInputModel.DatasetName">
            <summary>
            Gets or sets the name of the dataset.
            </summary>
            <value>
            The name of the dataset.
            </value>
        </member>
        <member name="T:Ida.Core.Functions.PreProcess.Models.GetNumberOfPagesInputModel">
            <summary>
            The input model for get pages call
            </summary>
        </member>
        <member name="P:Ida.Core.Functions.PreProcess.Models.GetNumberOfPagesInputModel.FilePath">
            <summary>
            Gets or sets the file path.
            </summary>
            <value>
            The file path.
            </value>
        </member>
        <member name="P:Ida.Core.Functions.PreProcess.Models.GetNumberOfPagesInputModel.BlobStorageContainerName">
            <summary>
            Gets or sets the name of the BLOB storage container.
            </summary>
            <value>
            The name of the BLOB storage container.
            </value>
        </member>
        <member name="P:Ida.Core.Functions.PreProcess.Models.GetNumberOfPagesInputModel.ArtifactId">
            <summary>
            Gets or sets the artifact identifier.
            </summary>
            <value>
            The artifact identifier.
            </value>
        </member>
        <member name="T:Ida.Core.Functions.PreProcess.Models.PreProcessInputModel">
            <summary>
            The input model for PreProcess Function
            </summary>
        </member>
        <member name="P:Ida.Core.Functions.PreProcess.Models.PreProcessInputModel.ImportBatchId">
            <summary>
            Gets or sets the import batch identifier.
            </summary>
            <value>
            The import batch identifier.
            </value>
        </member>
        <member name="P:Ida.Core.Functions.PreProcess.Models.PreProcessInputModel.Dataset">
            <summary>
            Gets or sets the data set.
            </summary>
            <value>
            The data set.
            </value>
        </member>
        <member name="P:Ida.Core.Functions.PreProcess.Models.PreProcessInputModel.Artifacts">
            <summary>
            Gets or sets the artifacts.
            </summary>
            <value>
            The artifacts.
            </value>
        </member>
        <member name="P:Ida.Core.Functions.PreProcess.Models.PreProcessInputModel.StorageAccountConnectionString">
            <summary>
            Gets or sets the storage account connection string.
            </summary>
            <value>
            The storage account connection string.
            </value>
        </member>
        <member name="T:Ida.Core.Functions.PreProcess.Models.SplitPdfInputModel">
            <summary>
            This is the model used for PDF split process
            </summary>
        </member>
        <member name="P:Ida.Core.Functions.PreProcess.Models.SplitPdfInputModel.FilePath">
            <summary>
            Gets or sets the file path.
            </summary>
            <value>
            The file path.
            </value>
        </member>
        <member name="P:Ida.Core.Functions.PreProcess.Models.SplitPdfInputModel.BlobStorageContainerName">
            <summary>
            Gets or sets the name of the BLOB storage container.
            </summary>
            <value>
            The name of the BLOB storage container.
            </value>
        </member>
        <member name="P:Ida.Core.Functions.PreProcess.Models.SplitPdfInputModel.ConnectionString">
            <summary>
            Gets or sets the connection string.
            </summary>
            <value>
            The connection string.
            </value>
        </member>
        <member name="P:Ida.Core.Functions.PreProcess.Models.SplitPdfInputModel.DatasetName">
            <summary>
            Gets or sets the name of the dataset.
            </summary>
            <value>
            The name of the dataset.
            </value>
        </member>
        <member name="P:Ida.Core.Functions.PreProcess.Models.SplitPdfInputModel.Tags">
            <summary>
            Gets or sets the tags.
            </summary>
            <value>
            The tags.
            </value>
        </member>
        <member name="T:Ida.Core.Functions.PreProcess.PreProcessFunction">
            <summary>
            Theses are the functions used for preprocessing uploaded files
            </summary>
        </member>
        <member name="M:Ida.Core.Functions.PreProcess.PreProcessFunction.#ctor(Ida.Core.Functions.Services.IPdfSplitService,Ida.Core.Functions.Services.Http.IImportBatchErrorHttpService,Ida.Core.Functions.Services.Http.IDataSetHttpService,Ida.Core.Functions.Services.IImageService,Microsoft.Extensions.Configuration.IConfiguration,Ida.Core.Functions.Services.ITxtService)">
            <summary>
            Initializes a new instance of the <see cref="T:Ida.Core.Functions.PreProcess.PreProcessFunction" /> class.
            </summary>
            <param name="pdfSplitService">The PDF split service.</param>
            <param name="importBatchErrorHttpService">The import batch error HTTP service.</param>
            <param name="dataSetHttpService">The data set HTTP service.</param>
            <param name="imageService">The image service.</param>
            <param name="config">The function configurations.</param>
            <param name="txtService">The text service.</param>
        </member>
        <member name="M:Ida.Core.Functions.PreProcess.PreProcessFunction.Start(Microsoft.Azure.EventGrid.Models.EventGridEvent,Microsoft.Azure.WebJobs.DurableOrchestrationClient,Microsoft.Extensions.Logging.ILogger)">
            <summary>
            Starts the specified event grid event.
            </summary>
            <param name="eventGridEvent">The event grid event.</param>
            <param name="starter">The starter.</param>
            <param name="log">The log.</param>
            <returns>
            The Task
            </returns>
            <exception cref="T:System.Exception">PreProcess is already running for BatchId: {importBatchId}</exception>
        </member>
        <member name="M:Ida.Core.Functions.PreProcess.PreProcessFunction.RunOrchestrator(Microsoft.Azure.WebJobs.DurableOrchestrationContext,Microsoft.Extensions.Logging.ILogger)">
            <summary>
            Runs the orchestrator.
            </summary>
            <param name="context">The context.</param>
            <param name="log">The log.</param>
            <returns>
            The Task
            </returns>
        </member>
        <member name="M:Ida.Core.Functions.PreProcess.PreProcessFunction.SplitPdfAsync(Ida.Core.Functions.PreProcess.Models.SplitPdfInputModel,Microsoft.Extensions.Logging.ILogger)">
            <summary>
            Splits the PDF asynchronous.
            </summary>
            <param name="inputModel">The input model.</param>
            <param name="log">The log.</param>
            <returns>The Task</returns>
            <exception cref="T:System.Exception">Invalid file path. Could not Split PDF into pages.</exception>
        </member>
        <member name="M:Ida.Core.Functions.PreProcess.PreProcessFunction.CreateImagePdfAsync(Ida.Core.Functions.PreProcess.Models.CreateImagePdfInputModel,Microsoft.Extensions.Logging.ILogger)">
            <summary>
            Creates the image PDF asynchronous.
            </summary>
            <param name="inputModel">The input model.</param>
            <param name="log">The log.</param>
            <returns>The Task</returns>
        </member>
        <member name="M:Ida.Core.Functions.PreProcess.PreProcessFunction.CreateTxtPdfAsync(Ida.Core.Functions.PreProcess.Models.CreateTxtPdfInputModel,Microsoft.Extensions.Logging.ILogger)">
            <summary>
            Creates the text PDF asynchronous.
            </summary>
            <param name="inputModel">The input model.</param>
            <param name="log">The log.</param>
        </member>
        <member name="M:Ida.Core.Functions.PreProcess.PreProcessFunction.CallIndexAsync(Ida.Core.Functions.PreProcess.Models.PreProcessInputModel,Microsoft.Extensions.Logging.ILogger)">
            <summary>
            Calls the index asynchronous.
            </summary>
            <param name="inputModel">The input model.</param>
            <param name="log">The log.</param>
            <returns>The Task</returns>
        </member>
        <member name="T:Ida.Core.Functions.VideoIndexer.Models.VideoIndexerInputModel">
            <summary>
            The input model for use by the video indexer function
            </summary>
        </member>
        <member name="P:Ida.Core.Functions.VideoIndexer.Models.VideoIndexerInputModel.ImportBatchId">
            <summary>
            Gets or sets the import batch identifier.
            </summary>
            <value>
            The import batch identifier.
            </value>
        </member>
        <member name="P:Ida.Core.Functions.VideoIndexer.Models.VideoIndexerInputModel.DataSetId">
            <summary>
            Gets or sets the data set identifier.
            </summary>
            <value>
            The data set identifier.
            </value>
        </member>
        <member name="P:Ida.Core.Functions.VideoIndexer.Models.VideoIndexerInputModel.StorageAccountConnectionString">
            <summary>
            Gets or sets the storage account connection string.
            </summary>
            <value>
            The storage account connection string.
            </value>
        </member>
        <member name="P:Ida.Core.Functions.VideoIndexer.Models.VideoIndexerInputModel.StorageContainer">
            <summary>
            Gets or sets the storage container.
            </summary>
            <value>
            The storage container.
            </value>
        </member>
        <member name="P:Ida.Core.Functions.VideoIndexer.Models.VideoIndexerInputModel.VideoId">
            <summary>
            Gets or sets the video identifier.
            </summary>
            <value>
            The video identifier.
            </value>
        </member>
        <member name="P:Ida.Core.Functions.VideoIndexer.Models.VideoIndexerInputModel.DatasetName">
            <summary>
            Gets or sets the name of the dataset.
            </summary>
            <value>
            The name of the dataset.
            </value>
        </member>
        <member name="P:Ida.Core.Functions.VideoIndexer.Models.VideoIndexerInputModel.Tags">
            <summary>
            Gets or sets the tags.
            </summary>
            <value>
            The tags.
            </value>
        </member>
        <member name="P:Ida.Core.Functions.VideoIndexer.Models.VideoIndexerInputModel.ArtifactId">
            <summary>
            Gets or sets the artifact identifier.
            </summary>
            <value>
            The artifact identifier.
            </value>
        </member>
        <member name="T:Ida.Core.Functions.VideoIndexer.VideoIndexerFunction">
            <summary>
            This is the function used for video indexing
            </summary>
        </member>
        <member name="M:Ida.Core.Functions.VideoIndexer.VideoIndexerFunction.#ctor(Ida.Core.Functions.Services.Http.IDataSetHttpService,Ida.Core.Functions.Services.Http.IImportBatchErrorHttpService,Ida.Core.Functions.Services.IVideoIndexService,Ida.Core.Functions.Services.ICustomIndexService,Microsoft.Extensions.Configuration.IConfiguration)">
            <summary>
            Initializes a new instance of the <see cref="T:Ida.Core.Functions.VideoIndexer.VideoIndexerFunction"/> class.
            </summary>
            <param name="dataSetHttpService">The data set HTTP service.</param>
            <param name="importBatchErrorHttpService">The import batch error HTTP service.</param>
            <param name="videoIndexService">The video index service.</param>
            <param name="customIndexService">The custom index service.</param>
            <param name="config">The configuration.</param>
        </member>
        <member name="M:Ida.Core.Functions.VideoIndexer.VideoIndexerFunction.Start(Microsoft.Azure.EventGrid.Models.EventGridEvent,Microsoft.Azure.WebJobs.DurableOrchestrationClient,Microsoft.Extensions.Logging.ILogger)">
            <summary>
            Starts the specified event grid event.
            </summary>
            <param name="eventGridEvent">The event grid event.</param>
            <param name="starter">The starter.</param>
            <param name="log">The log.</param>
            <returns>The Task</returns>
        </member>
        <member name="M:Ida.Core.Functions.VideoIndexer.VideoIndexerFunction.RunOrchestrator(Microsoft.Azure.WebJobs.DurableOrchestrationContext,Microsoft.Extensions.Logging.ILogger)">
            <summary>
            Runs the orchestrator.
            </summary>
            <param name="context">The context.</param>
            <param name="log">The log.</param>
            <returns>The Task</returns>
        </member>
        <member name="M:Ida.Core.Functions.VideoIndexer.VideoIndexerFunction.WriteVideoIndexAsync(Ida.Core.Functions.VideoIndexer.Models.VideoIndexerInputModel,Microsoft.Extensions.Logging.ILogger)">
            <summary>
            Writes the video index asynchronous.
            </summary>
            <param name="inputModel">The input model.</param>
            <param name="log">The log.</param>
            <returns>The File Name</returns>
        </member>
        <member name="M:Ida.Core.Functions.VideoIndexer.VideoIndexerFunction.CreateIndexFileAsync(Ida.Core.Functions.PreProcess.Models.CreateIndexFileInputModel,Microsoft.Extensions.Logging.ILogger)">
            <summary>
            Creates the index file asynchronous.
            </summary>
            <param name="inputModel">The input model.</param>
            <param name="log">The log.</param>
            <returns>The Task</returns>
        </member>
        <member name="M:Ida.Core.Functions.VideoIndexer.VideoIndexerFunction.CallVideoIndexAsync(Ida.Core.Functions.VideoIndexer.Models.VideoIndexerInputModel,Microsoft.Extensions.Logging.ILogger)">
            <summary>
            Calls the video index asynchronous.
            </summary>
            <param name="inputModel">The input model.</param>
            <param name="log">The log.</param>
            <returns>The Task</returns>
        </member>
        <member name="T:Ida.Skills.Functions.FunctionStartup">
            <summary>
            This is used for startup on functions
            </summary>
            <seealso cref="T:Microsoft.Azure.WebJobs.Hosting.IWebJobsStartup" />
        </member>
        <member name="M:Ida.Skills.Functions.FunctionStartup.Configure(Microsoft.Azure.WebJobs.IWebJobsBuilder)">
            <summary>
            Configures the specified builder.
            </summary>
            <param name="builder">The builder.</param>
        </member>
    </members>
</doc>
